{"cameraMode":{"drawMode":0,"name":"Shaded","section":"Shading Mode"},"sceneLighting":false,"audioPlay":false,"sceneViewState":{"showFog":true,"showMaterialUpdate":false,"showSkybox":true,"showFlares":true,"showImageEffects":true,"showParticleSystems":true},"in2DMode":false,"pivot":{"x":15.440093994140625,"y":24.59502410888672,"z":-30.109333038330079},"rotation":{"x":0.16737110912799836,"y":-0.7178172469139099,"z":0.1848190873861313,"w":0.6500521898269653},"size":102.36920166015625,"orthographic":false}